Approach,wall_time_seconds,memory_gb,directory,MCCOOL,CHROM,CHROM_LEN,USE_ROI,ROI_SPARSITY,ROI_METHOD,INTERPOLATION,EXPECTED_VALUES,RESOLUTION,MODEL,RATIO,APPLY_DOWN_RATIO,DATE,Pearson Correlation,Spearman Correlation,PSNR,SSIM,MSE,MAE,involuntary context switches,elapsed real time (wall clock) in [hour:]min:sec,elapsed real time (wall clock) in seconds,major page faults,maximum resident set size in KB,percent of CPU this job got,minor page faults,system (kernel) time in seconds,user time in seconds,voluntary context switches,exit status of command
Full HiCNN,109.69,8.639236450195312,outputs/imputed/HiCNN2/down16/full/summary,/Users/amulyagarimella/Documents/2241finalproject/data/GM12878.GSE115524/processed/GM12878.GSE115524.Homo_Sapiens.CTCF.b1.ds.16.chr21.cool::/,21,46709983,0,0.1,ridge,lowres,,10000,1,16,1,Thu May  8 19:23:52 EDT 2025,0.7490006856411499,0.4982515886281527,-4.615795190371149,0.6500636663806074,2.894539756894243,0.10573446319526858,755282,1:49.69,109.69,4,9058896,381%,2962922,11.85,406.2,781,0
Full HiCNN,110.45,9.811386108398438,outputs/imputed/HiCNN2/down16/full/summary,/Users/amulyagarimella/Documents/2241finalproject/data/GM12878.GSE115524/processed/GM12878.GSE115524.Homo_Sapiens.CTCF.b1.ds.16.chr21.cool::/,21,46709983,0,0.1,ridge,lowres,,10000,3,16,1,Thu May  8 20:33:13 EDT 2025,0.7475591690842404,0.4979340366537834,-4.665771999081862,0.6501405469335378,2.9280413118546083,0.10786291158851899,701087,1:50.45,110.45,3,10287984,386%,2884012,10.6,416.7,3,0
Full HiCNN,121.63,6.99676513671875,outputs/imputed/HiCNN2/down16/full/summary,/Users/amulyagarimella/Documents/2241finalproject/data/GM12878.GSE115524/processed/GM12878.GSE115524.Homo_Sapiens.CTCF.b1.ds.16.chr21.cool::/,21,46709983,0,0.1,ridge,lowres,,10000,2,16,1,Thu May  8 20:00:37 EDT 2025,0.7509623926127268,0.4994302262585071,-4.538685468028109,0.650135305365529,2.8436002700676006,0.1055209721076965,1341914,2:01.63,121.63,2,7336640,369%,3896957,18.92,430.57,7,0
ROI HiCNN + Expected,61.75,8.9219970703125,outputs/imputed/HiCNN2/down16/roi/expected/summary,/Users/amulyagarimella/Documents/2241finalproject/data/GM12878.GSE115524/processed/GM12878.GSE115524.Homo_Sapiens.CTCF.b1.ds.16.chr21.cool::/,21,46709983,1,0.5,logreg,expected,/Users/amulyagarimella/Documents/2241finalproject/data/GM12878.GSE115524/processed/GM12878.GSE115524.Homo_Sapiens.CTCF.b1.expected.tsv,10000,3,16,1,Thu May  8 21:38:38 EDT 2025,0.6939679584352502,0.39901111006704176,-5.496236492944129,0.6454344711233824,3.545060484023437,0.11022382601787192,448374,1:01.75,61.75,3,9355392,379%,1767262,6.63,228.04,1145,0
ROI HiCNN + Expected,32.63,5.909942626953125,outputs/imputed/HiCNN2/down16/roi/expected/summary,/Users/amulyagarimella/Documents/2241finalproject/data/GM12878.GSE115524/processed/GM12878.GSE115524.Homo_Sapiens.CTCF.b1.ds.16.chr21.cool::/,21,46709983,1,0.1,random,expected,/Users/amulyagarimella/Documents/2241finalproject/data/GM12878.GSE115524/processed/GM12878.GSE115524.Homo_Sapiens.CTCF.b1.expected.tsv,10000,2,16,1,Thu May  8 20:11:45 EDT 2025,0.5704769835180038,0.32810630196837004,-6.425422294124678,0.6418952957939084,4.390785581660777,0.11679410819598152,510490,0:32.63,32.63,3,6197024,352%,1014318,5.38,109.68,747,0
ROI HiCNN + Expected,50.67,7.798553466796875,outputs/imputed/HiCNN2/down16/roi/expected/summary,/Users/amulyagarimella/Documents/2241finalproject/data/GM12878.GSE115524/processed/GM12878.GSE115524.Homo_Sapiens.CTCF.b1.ds.16.chr21.cool::/,21,46709983,1,0.1,logreg,expected,/Users/amulyagarimella/Documents/2241finalproject/data/GM12878.GSE115524/processed/GM12878.GSE115524.Homo_Sapiens.CTCF.b1.expected.tsv,10000,3,16,1,Thu May  8 21:34:32 EDT 2025,0.6490018698194572,0.3553655856714067,-5.466733201892416,0.6437528165839675,3.5210591449604025,0.1074576543544459,426563,0:50.67,50.67,3,8177376,376%,1585242,6.24,184.29,748,0
ROI HiCNN + Expected,102.7,7.5990753173828125,outputs/imputed/HiCNN2/down16/roi/expected/summary,/Users/amulyagarimella/Documents/2241finalproject/data/GM12878.GSE115524/processed/GM12878.GSE115524.Homo_Sapiens.CTCF.b1.ds.16.chr21.cool::/,21,46709983,1,0.5,lasso,expected,/Users/amulyagarimella/Documents/2241finalproject/data/GM12878.GSE115524/processed/GM12878.GSE115524.Homo_Sapiens.CTCF.b1.expected.tsv,10000,3,16,1,Thu May  8 21:03:12 EDT 2025,0.7183264313525193,0.47747262184927364,-5.38359805467727,0.6487995038951958,3.4542980343832483,0.1133601466772688,1630271,1:42.70,102.7,3,7968208,369%,2959918,16.57,362.59,1092,0
ROI HiCNN + Expected,91.64,9.382553100585938,outputs/imputed/HiCNN2/down16/roi/expected/summary,/Users/amulyagarimella/Documents/2241finalproject/data/GM12878.GSE115524/processed/GM12878.GSE115524.Homo_Sapiens.CTCF.b1.ds.16.chr21.cool::/,21,46709983,1,0.5,lasso,expected,/Users/amulyagarimella/Documents/2241finalproject/data/GM12878.GSE115524/processed/GM12878.GSE115524.Homo_Sapiens.CTCF.b1.expected.tsv,10000,2,16,1,Thu May  8 20:31:27 EDT 2025,0.7206374832744068,0.4789416825727638,-5.285578385365564,0.6487815450920488,3.3772082268226846,0.1114554101771999,576961,1:31.64,91.64,3,9838320,383%,2579813,9.32,342.57,746,0
ROI HiCNN + Expected,29.22,7.626556396484375,outputs/imputed/HiCNN2/down16/roi/expected/summary,/Users/amulyagarimella/Documents/2241finalproject/data/GM12878.GSE115524/processed/GM12878.GSE115524.Homo_Sapiens.CTCF.b1.ds.16.chr21.cool::/,21,46709983,1,0.1,random,expected,/Users/amulyagarimella/Documents/2241finalproject/data/GM12878.GSE115524/processed/GM12878.GSE115524.Homo_Sapiens.CTCF.b1.expected.tsv,10000,1,16,1,Thu May  8 19:47:38 EDT 2025,0.5703695454572094,0.32796839540548156,-6.4434220008119425,0.6418940480196734,4.409021332196303,0.11689677458416561,283853,0:29.22,29.22,2,7997024,367%,841663,3.58,103.92,3,0
ROI HiCNN + Expected,95.87,8.106613159179688,outputs/imputed/HiCNN2/down16/roi/expected/summary,/Users/amulyagarimella/Documents/2241finalproject/data/GM12878.GSE115524/processed/GM12878.GSE115524.Homo_Sapiens.CTCF.b1.ds.16.chr21.cool::/,21,46709983,1,0.5,lasso,expected,/Users/amulyagarimella/Documents/2241finalproject/data/GM12878.GSE115524/processed/GM12878.GSE115524.Homo_Sapiens.CTCF.b1.expected.tsv,10000,1,16,1,Thu May  8 19:58:46 EDT 2025,0.7189247042485178,0.4776554441948834,-5.346513268279729,0.6486826510083485,3.42492705988535,0.11157654734861532,1035680,1:35.87,95.87,3,8500400,371%,2571307,12.47,343.69,1072,0
ROI HiCNN + Expected,63.38,9.345443725585938,outputs/imputed/HiCNN2/down16/roi/expected/summary,/Users/amulyagarimella/Documents/2241finalproject/data/GM12878.GSE115524/processed/GM12878.GSE115524.Homo_Sapiens.CTCF.b1.ds.16.chr21.cool::/,21,46709983,1,0.25,lasso,expected,/Users/amulyagarimella/Documents/2241finalproject/data/GM12878.GSE115524/processed/GM12878.GSE115524.Homo_Sapiens.CTCF.b1.expected.tsv,10000,2,16,1,Thu May  8 20:28:47 EDT 2025,0.701121654049687,0.40740957893903734,-5.379048375330515,0.645625629687774,3.450681198360583,0.10905407085749946,437462,1:03.38,63.38,3,9799408,380%,1795628,6.55,234.56,748,0
ROI HiCNN + Expected,91.23,8.654861450195312,outputs/imputed/HiCNN2/down16/roi/expected/summary,/Users/amulyagarimella/Documents/2241finalproject/data/GM12878.GSE115524/processed/GM12878.GSE115524.Homo_Sapiens.CTCF.b1.ds.16.chr21.cool::/,21,46709983,1,0.5,elasticnet,expected,/Users/amulyagarimella/Documents/2241finalproject/data/GM12878.GSE115524/processed/GM12878.GSE115524.Homo_Sapiens.CTCF.b1.expected.tsv,10000,2,16,1,Thu May  8 20:23:38 EDT 2025,0.7211241298308666,0.4741155561208196,-5.34105467694218,0.6486040564757041,3.4206250173879735,0.11177523430967694,623479,1:31.23,91.23,3,9075280,381%,2636141,10.04,337.86,1069,0
ROI HiCNN + Expected,65.69,8.289108276367188,outputs/imputed/HiCNN2/down16/roi/expected/summary,/Users/amulyagarimella/Documents/2241finalproject/data/GM12878.GSE115524/processed/GM12878.GSE115524.Homo_Sapiens.CTCF.b1.ds.16.chr21.cool::/,21,46709983,1,0.25,elasticnet,expected,/Users/amulyagarimella/Documents/2241finalproject/data/GM12878.GSE115524/processed/GM12878.GSE115524.Homo_Sapiens.CTCF.b1.expected.tsv,10000,3,16,1,Thu May  8 20:52:36 EDT 2025,0.7052883725283269,0.39727178798407564,-5.442731408188221,0.6454846751908204,3.501653272598831,0.1101290887748467,634506,1:05.69,65.69,3,8691760,375%,1850738,7.78,239.19,753,0
ROI HiCNN + Expected,90.92,8.940093994140625,outputs/imputed/HiCNN2/down16/roi/expected/summary,/Users/amulyagarimella/Documents/2241finalproject/data/GM12878.GSE115524/processed/GM12878.GSE115524.Homo_Sapiens.CTCF.b1.ds.16.chr21.cool::/,21,46709983,1,0.5,elasticnet,expected,/Users/amulyagarimella/Documents/2241finalproject/data/GM12878.GSE115524/processed/GM12878.GSE115524.Homo_Sapiens.CTCF.b1.expected.tsv,10000,3,16,1,Thu May  8 20:55:19 EDT 2025,0.7187862528808829,0.4725174163562759,-5.440643334532446,0.6486183275729875,3.4999700938311205,0.1137061874053,617006,1:30.92,90.92,3,9374368,381%,2613705,9.61,336.89,1091,0
ROI HiCNN + Expected,61.65,8.79766845703125,outputs/imputed/HiCNN2/down16/roi/expected/summary,/Users/amulyagarimella/Documents/2241finalproject/data/GM12878.GSE115524/processed/GM12878.GSE115524.Homo_Sapiens.CTCF.b1.ds.16.chr21.cool::/,21,46709983,1,0.25,elasticnet,expected,/Users/amulyagarimella/Documents/2241finalproject/data/GM12878.GSE115524/processed/GM12878.GSE115524.Homo_Sapiens.CTCF.b1.expected.tsv,10000,1,16,1,Thu May  8 21:43:12 EDT 2025,0.7052437008444032,0.3977662253005182,-5.415534770472035,0.6454162936807747,3.4797935360600336,0.10905388752466343,372781,1:01.65,61.65,3,9225024,381%,1704947,5.96,229.18,748,0
ROI HiCNN + Expected,83.38,6.1569671630859375,outputs/imputed/HiCNN2/down16/roi/expected/summary,/Users/amulyagarimella/Documents/2241finalproject/data/GM12878.GSE115524/processed/GM12878.GSE115524.Homo_Sapiens.CTCF.b1.ds.16.chr21.cool::/,21,46709983,1,0.1,ridge,expected,/Users/amulyagarimella/Documents/2241finalproject/data/GM12878.GSE115524/processed/GM12878.GSE115524.Homo_Sapiens.CTCF.b1.expected.tsv,10000,3,16,1,Thu May  8 19:19:01 EDT 2025,0.684190492149725,0.39010028872894104,-4.91772494411639,0.6455429866334262,3.1029336874590396,0.1031841659462832,1267797,1:23.38,83.38,288,6456048,358%,2859038,16.53,282.63,706,0
ROI HiCNN + Expected,58.52,6.84393310546875,outputs/imputed/HiCNN2/down16/roi/expected/summary,/Users/amulyagarimella/Documents/2241finalproject/data/GM12878.GSE115524/processed/GM12878.GSE115524.Homo_Sapiens.CTCF.b1.ds.16.chr21.cool::/,21,46709983,1,0.1,logreg,expected,/Users/amulyagarimella/Documents/2241finalproject/data/GM12878.GSE115524/processed/GM12878.GSE115524.Homo_Sapiens.CTCF.b1.expected.tsv,10000,1,16,1,Thu May  8 21:22:08 EDT 2025,0.6493049498210943,0.3566979997252512,-5.449522981766055,0.6437357837318493,3.5071335035670383,0.10667441064566112,817476,0:58.52,58.52,3,7176384,351%,1515835,8.64,197.27,858,0
ROI HiCNN + Expected,70.16,8.864181518554688,outputs/imputed/HiCNN2/down16/roi/expected/summary,/Users/amulyagarimella/Documents/2241finalproject/data/GM12878.GSE115524/processed/GM12878.GSE115524.Homo_Sapiens.CTCF.b1.ds.16.chr21.cool::/,21,46709983,1,0.1,lasso,expected,/Users/amulyagarimella/Documents/2241finalproject/data/GM12878.GSE115524/processed/GM12878.GSE115524.Homo_Sapiens.CTCF.b1.expected.tsv,10000,1,16,1,Thu May  8 19:53:46 EDT 2025,0.6852533444361745,0.3843506608013856,-4.886537114200802,0.6452627446146157,3.080730522685124,0.10197609422317776,453755,1:10.16,70.16,3,9294768,379%,1990299,7.49,259.08,978,0
ROI HiCNN + Expected,62.7,7.563629150390625,outputs/imputed/HiCNN2/down16/roi/expected/summary,/Users/amulyagarimella/Documents/2241finalproject/data/GM12878.GSE115524/processed/GM12878.GSE115524.Homo_Sapiens.CTCF.b1.ds.16.chr21.cool::/,21,46709983,1,0.25,logreg,expected,/Users/amulyagarimella/Documents/2241finalproject/data/GM12878.GSE115524/processed/GM12878.GSE115524.Homo_Sapiens.CTCF.b1.expected.tsv,10000,2,16,1,Thu May  8 21:30:21 EDT 2025,0.6958021896905714,0.40072799923031327,-5.4215505961038,0.6454175585706294,3.484617068809534,0.10906484166161699,524173,1:02.70,62.7,3,7931040,377%,1849674,7.61,229.26,1093,0
ROI HiCNN + Expected,71.81,9.12982177734375,outputs/imputed/HiCNN2/down16/roi/expected/summary,/Users/amulyagarimella/Documents/2241finalproject/data/GM12878.GSE115524/processed/GM12878.GSE115524.Homo_Sapiens.CTCF.b1.ds.16.chr21.cool::/,21,46709983,1,0.1,lasso,expected,/Users/amulyagarimella/Documents/2241finalproject/data/GM12878.GSE115524/processed/GM12878.GSE115524.Homo_Sapiens.CTCF.b1.expected.tsv,10000,3,16,1,Thu May  8 20:58:06 EDT 2025,0.6850352360021876,0.38327255971411356,-4.903969196960626,0.645287095381259,3.093121072409091,0.10300578309681335,499549,1:11.81,71.81,3,9573312,380%,2059106,7.72,265.51,757,0
ROI HiCNN + Expected,76.73,7.799468994140625,outputs/imputed/HiCNN2/down16/roi/expected/summary,/Users/amulyagarimella/Documents/2241finalproject/data/GM12878.GSE115524/processed/GM12878.GSE115524.Homo_Sapiens.CTCF.b1.ds.16.chr21.cool::/,21,46709983,1,0.5,random,expected,/Users/amulyagarimella/Documents/2241finalproject/data/GM12878.GSE115524/processed/GM12878.GSE115524.Homo_Sapiens.CTCF.b1.expected.tsv,10000,1,16,1,Thu May  8 19:51:04 EDT 2025,0.6415438904388396,0.4204300424854588,-5.6078178775901755,0.6463151015755317,3.6373223212632038,0.10930839933430014,417890,1:16.73,76.73,2,8178336,384%,2023327,6.62,288.66,785,0
ROI HiCNN + Expected,51.19,7.312347412109375,outputs/imputed/HiCNN2/down16/roi/expected/summary,/Users/amulyagarimella/Documents/2241finalproject/data/GM12878.GSE115524/processed/GM12878.GSE115524.Homo_Sapiens.CTCF.b1.ds.16.chr21.cool::/,21,46709983,1,0.1,logreg,expected,/Users/amulyagarimella/Documents/2241finalproject/data/GM12878.GSE115524/processed/GM12878.GSE115524.Homo_Sapiens.CTCF.b1.expected.tsv,10000,2,16,1,Thu May  8 21:28:22 EDT 2025,0.6505863735171052,0.3566848761499884,-5.424875013044711,0.6437514666215061,3.48728547823814,0.10671662303116003,464769,0:51.19,51.19,3,7667552,374%,1603176,6.72,184.81,1079,0
ROI HiCNN + Expected,67.96,8.708084106445312,outputs/imputed/HiCNN2/down16/roi/expected/summary,/Users/amulyagarimella/Documents/2241finalproject/data/GM12878.GSE115524/processed/GM12878.GSE115524.Homo_Sapiens.CTCF.b1.ds.16.chr21.cool::/,21,46709983,1,0.25,lasso,expected,/Users/amulyagarimella/Documents/2241finalproject/data/GM12878.GSE115524/processed/GM12878.GSE115524.Homo_Sapiens.CTCF.b1.expected.tsv,10000,3,16,1,Thu May  8 21:00:26 EDT 2025,0.699394072655848,0.40602360916259983,-5.455075225577533,0.6456538982924622,3.511620070563892,0.11029839664893243,695833,1:07.96,67.96,3,9131088,372%,1921946,8.57,244.32,761,0
ROI HiCNN + Expected,60.64,7.2782440185546875,outputs/imputed/HiCNN2/down16/roi/expected/summary,/Users/amulyagarimella/Documents/2241finalproject/data/GM12878.GSE115524/processed/GM12878.GSE115524.Homo_Sapiens.CTCF.b1.ds.16.chr21.cool::/,21,46709983,1,0.25,logreg,expected,/Users/amulyagarimella/Documents/2241finalproject/data/GM12878.GSE115524/processed/GM12878.GSE115524.Homo_Sapiens.CTCF.b1.expected.tsv,10000,1,16,1,Thu May  8 21:24:19 EDT 2025,0.6943877994829513,0.40024738951656674,-5.466087167282151,0.645375276631843,3.5205354088810368,0.1091351956374485,436017,1:00.64,60.64,493,7631792,378%,1702534,6.52,223.1,862,0
ROI HiCNN + Expected,62.85,7.7771453857421875,outputs/imputed/HiCNN2/down16/roi/expected/summary,/Users/amulyagarimella/Documents/2241finalproject/data/GM12878.GSE115524/processed/GM12878.GSE115524.Homo_Sapiens.CTCF.b1.ds.16.chr21.cool::/,21,46709983,1,0.25,ridge,expected,/Users/amulyagarimella/Documents/2241finalproject/data/GM12878.GSE115524/processed/GM12878.GSE115524.Homo_Sapiens.CTCF.b1.expected.tsv,10000,1,16,1,Thu May  8 19:42:59 EDT 2025,0.6872392660001829,0.4055713361281381,-5.511341861204032,0.6454550343881544,3.5574121671861634,0.10942550318332261,460815,1:02.85,62.85,3,8154928,380%,1699563,6.6,232.42,746,0
ROI HiCNN + Expected,80.32,7.745361328125,outputs/imputed/HiCNN2/down16/roi/expected/summary,/Users/amulyagarimella/Documents/2241finalproject/data/GM12878.GSE115524/processed/GM12878.GSE115524.Homo_Sapiens.CTCF.b1.ds.16.chr21.cool::/,21,46709983,1,0.5,random,expected,/Users/amulyagarimella/Documents/2241finalproject/data/GM12878.GSE115524/processed/GM12878.GSE115524.Homo_Sapiens.CTCF.b1.expected.tsv,10000,2,16,1,Thu May  8 20:15:25 EDT 2025,0.6424371233127328,0.4214327709064739,-5.568976227480472,0.6463286349087376,3.604936529942996,0.10936977000116554,601750,1:20.32,80.32,3,8121600,380%,2260836,8.46,297.53,753,0
ROI HiCNN + Expected,68.93,7.4825897216796875,outputs/imputed/HiCNN2/down16/roi/expected/summary,/Users/amulyagarimella/Documents/2241finalproject/data/GM12878.GSE115524/processed/GM12878.GSE115524.Homo_Sapiens.CTCF.b1.ds.16.chr21.cool::/,21,46709983,1,0.25,ridge,expected,/Users/amulyagarimella/Documents/2241finalproject/data/GM12878.GSE115524/processed/GM12878.GSE115524.Homo_Sapiens.CTCF.b1.expected.tsv,10000,2,16,1,Thu May  8 20:06:33 EDT 2025,0.6889135756075224,0.40623593097900995,-5.460611322372325,0.6455036542539068,3.516099304247304,0.10932091180036008,848588,1:08.93,68.93,3,7846064,371%,1907051,9.38,247.02,1083,0
ROI HiCNN + Expected,74.45,8.768218994140625,outputs/imputed/HiCNN2/down16/roi/expected/summary,/Users/amulyagarimella/Documents/2241finalproject/data/GM12878.GSE115524/processed/GM12878.GSE115524.Homo_Sapiens.CTCF.b1.ds.16.chr21.cool::/,21,46709983,1,0.1,elasticnet,expected,/Users/amulyagarimella/Documents/2241finalproject/data/GM12878.GSE115524/processed/GM12878.GSE115524.Homo_Sapiens.CTCF.b1.expected.tsv,10000,3,16,1,Thu May  8 20:50:12 EDT 2025,0.7020367899149721,0.3912781879589952,-4.823339795510303,0.6455943946533701,3.0362251934058295,0.10295949155571249,709184,1:14.45,74.45,3,9194144,375%,2172616,9.62,269.97,753,0
ROI HiCNN + Expected,80.96,8.10986328125,outputs/imputed/HiCNN2/down16/roi/expected/summary,/Users/amulyagarimella/Documents/2241finalproject/data/GM12878.GSE115524/processed/GM12878.GSE115524.Homo_Sapiens.CTCF.b1.ds.16.chr21.cool::/,21,46709983,1,0.5,random,expected,/Users/amulyagarimella/Documents/2241finalproject/data/GM12878.GSE115524/processed/GM12878.GSE115524.Homo_Sapiens.CTCF.b1.expected.tsv,10000,3,16,1,Thu May  8 20:47:32 EDT 2025,0.6410580801909673,0.42027090784449445,-5.616922057791326,0.6463839010892032,3.6449552922254367,0.11048007948945106,669715,1:20.96,80.96,3,8503808,381%,2198391,8.46,300.14,751,0
ROI HiCNN + Expected,97.96,7.4679412841796875,outputs/imputed/HiCNN2/down16/roi/expected/summary,/Users/amulyagarimella/Documents/2241finalproject/data/GM12878.GSE115524/processed/GM12878.GSE115524.Homo_Sapiens.CTCF.b1.ds.16.chr21.cool::/,21,46709983,1,0.5,ridge,expected,/Users/amulyagarimella/Documents/2241finalproject/data/GM12878.GSE115524/processed/GM12878.GSE115524.Homo_Sapiens.CTCF.b1.expected.tsv,10000,2,16,1,Thu May  8 20:09:29 EDT 2025,0.7070586605706506,0.47739176923606685,-5.30412618990138,0.6487126654061051,3.3916624167823612,0.11089509919704343,1010295,1:37.96,97.96,3,7830704,370%,2952087,13.72,349.55,1068,0
ROI HiCNN + Expected,62.04,7.91278076171875,outputs/imputed/HiCNN2/down16/roi/expected/summary,/Users/amulyagarimella/Documents/2241finalproject/data/GM12878.GSE115524/processed/GM12878.GSE115524.Homo_Sapiens.CTCF.b1.ds.16.chr21.cool::/,21,46709983,1,0.25,lasso,expected,/Users/amulyagarimella/Documents/2241finalproject/data/GM12878.GSE115524/processed/GM12878.GSE115524.Homo_Sapiens.CTCF.b1.expected.tsv,10000,1,16,1,Thu May  8 19:56:03 EDT 2025,0.6993045847866198,0.4066136683183315,-5.432349192743705,0.6455734247458744,3.4932922411114626,0.10925142865549978,405561,1:02.04,62.04,3,8297152,379%,1719219,6.56,228.95,979,0
ROI HiCNN + Expected,31.04,8.02410888671875,outputs/imputed/HiCNN2/down16/roi/expected/summary,/Users/amulyagarimella/Documents/2241finalproject/data/GM12878.GSE115524/processed/GM12878.GSE115524.Homo_Sapiens.CTCF.b1.ds.16.chr21.cool::/,21,46709983,1,0.1,random,expected,/Users/amulyagarimella/Documents/2241finalproject/data/GM12878.GSE115524/processed/GM12878.GSE115524.Homo_Sapiens.CTCF.b1.expected.tsv,10000,3,16,1,Thu May  8 20:43:51 EDT 2025,0.5696174045574792,0.32701183739924816,-6.454589426501352,0.6419087142101475,4.420373255570878,0.11748165216435184,408636,0:31.04,31.04,3,8413888,362%,920530,4.35,108.27,747,0
ROI HiCNN + Expected,51.24,6.089996337890625,outputs/imputed/HiCNN2/down16/roi/expected/summary,/Users/amulyagarimella/Documents/2241finalproject/data/GM12878.GSE115524/processed/GM12878.GSE115524.Homo_Sapiens.CTCF.b1.ds.16.chr21.cool::/,21,46709983,1,0.25,random,expected,/Users/amulyagarimella/Documents/2241finalproject/data/GM12878.GSE115524/processed/GM12878.GSE115524.Homo_Sapiens.CTCF.b1.expected.tsv,10000,3,16,1,Thu May  8 20:45:15 EDT 2025,0.5833965449417646,0.3489637166391862,-6.184122403713821,0.6431053445601108,4.1534811170158035,0.11459218916868688,688521,0:51.24,51.24,2,6385824,372%,1306625,5.85,184.9,3,0
ROI HiCNN + Expected,81.42,8.960128784179688,outputs/imputed/HiCNN2/down16/roi/expected/summary,/Users/amulyagarimella/Documents/2241finalproject/data/GM12878.GSE115524/processed/GM12878.GSE115524.Homo_Sapiens.CTCF.b1.ds.16.chr21.cool::/,21,46709983,1,0.1,ridge,expected,/Users/amulyagarimella/Documents/2241finalproject/data/GM12878.GSE115524/processed/GM12878.GSE115524.Homo_Sapiens.CTCF.b1.expected.tsv,10000,2,16,1,Thu May  8 20:03:58 EDT 2025,0.6858384603937615,0.39193565664898244,-4.86273263906483,0.6455240877689744,3.0638906683632285,0.10210231888079337,1052734,1:21.42,81.42,3,9395376,364%,2482946,13.12,284.0,1088,0
ROI HiCNN + Expected,65.5,7.3407745361328125,outputs/imputed/HiCNN2/down16/roi/expected/summary,/Users/amulyagarimella/Documents/2241finalproject/data/GM12878.GSE115524/processed/GM12878.GSE115524.Homo_Sapiens.CTCF.b1.ds.16.chr21.cool::/,21,46709983,1,0.25,elasticnet,expected,/Users/amulyagarimella/Documents/2241finalproject/data/GM12878.GSE115524/processed/GM12878.GSE115524.Homo_Sapiens.CTCF.b1.expected.tsv,10000,2,16,1,Thu May  8 20:20:48 EDT 2025,0.7071668695340915,0.39848932932134157,-5.36026911159051,0.6454565191254312,3.4357923720798573,0.10888732964311834,606197,1:05.50,65.5,3,7697360,375%,1889310,7.93,237.92,1090,0
ROI HiCNN + Expected,60.38,7.281463623046875,outputs/imputed/HiCNN2/down16/roi/expected/summary,/Users/amulyagarimella/Documents/2241finalproject/data/GM12878.GSE115524/processed/GM12878.GSE115524.Homo_Sapiens.CTCF.b1.ds.16.chr21.cool::/,21,46709983,1,0.5,logreg,expected,/Users/amulyagarimella/Documents/2241finalproject/data/GM12878.GSE115524/processed/GM12878.GSE115524.Homo_Sapiens.CTCF.b1.expected.tsv,10000,1,16,1,Thu May  8 21:26:26 EDT 2025,0.6943877994829513,0.40024738951656674,-5.466087167282151,0.645375276631843,3.5205354088810368,0.1091351956374485,402232,1:00.38,60.38,3,7635168,379%,1726842,6.65,222.49,1079,0
ROI HiCNN + Expected,62.12,8.130477905273438,outputs/imputed/HiCNN2/down16/roi/expected/summary,/Users/amulyagarimella/Documents/2241finalproject/data/GM12878.GSE115524/processed/GM12878.GSE115524.Homo_Sapiens.CTCF.b1.ds.16.chr21.cool::/,21,46709983,1,0.25,logreg,expected,/Users/amulyagarimella/Documents/2241finalproject/data/GM12878.GSE115524/processed/GM12878.GSE115524.Homo_Sapiens.CTCF.b1.expected.tsv,10000,3,16,1,Thu May  8 21:36:29 EDT 2025,0.6939679584352502,0.39901111006704176,-5.496236492944129,0.6454344711233824,3.545060484023437,0.11022382601787192,468594,1:02.12,62.12,3,8525424,379%,1903613,7.31,228.18,746,0
ROI HiCNN + Expected,69.71,9.085479736328125,outputs/imputed/HiCNN2/down16/roi/expected/summary,/Users/amulyagarimella/Documents/2241finalproject/data/GM12878.GSE115524/processed/GM12878.GSE115524.Homo_Sapiens.CTCF.b1.ds.16.chr21.cool::/,21,46709983,1,0.1,elasticnet,expected,/Users/amulyagarimella/Documents/2241finalproject/data/GM12878.GSE115524/processed/GM12878.GSE115524.Homo_Sapiens.CTCF.b1.expected.tsv,10000,1,16,1,Thu May  8 21:40:54 EDT 2025,0.7022856363925827,0.3922274357965292,-4.806654619556429,0.6455650916591608,3.024582687486127,0.10195239845411919,409177,1:09.71,69.71,3,9526816,380%,1921795,7.47,257.71,1094,0
ROI HiCNN + Expected,70.83,7.6090545654296875,outputs/imputed/HiCNN2/down16/roi/expected/summary,/Users/amulyagarimella/Documents/2241finalproject/data/GM12878.GSE115524/processed/GM12878.GSE115524.Homo_Sapiens.CTCF.b1.ds.16.chr21.cool::/,21,46709983,1,0.25,ridge,expected,/Users/amulyagarimella/Documents/2241finalproject/data/GM12878.GSE115524/processed/GM12878.GSE115524.Homo_Sapiens.CTCF.b1.expected.tsv,10000,3,16,1,Thu May  8 20:38:42 EDT 2025,0.6871561069462226,0.40485761545677823,-5.532731643409131,0.6455191610363393,3.5749762778768464,0.11054025849288217,757364,1:10.83,70.83,3,7978672,367%,1890697,9.11,251.06,748,0
ROI HiCNN + Expected,76.13,9.189056396484375,outputs/imputed/HiCNN2/down16/roi/expected/summary,/Users/amulyagarimella/Documents/2241finalproject/data/GM12878.GSE115524/processed/GM12878.GSE115524.Homo_Sapiens.CTCF.b1.ds.16.chr21.cool::/,21,46709983,1,0.1,elasticnet,expected,/Users/amulyagarimella/Documents/2241finalproject/data/GM12878.GSE115524/processed/GM12878.GSE115524.Homo_Sapiens.CTCF.b1.expected.tsv,10000,2,16,1,Thu May  8 20:18:19 EDT 2025,0.7042825320771112,0.39261823985448036,-4.752176570590975,0.6455703795023938,2.9868791897568645,0.1017972988748268,802395,1:16.13,76.13,3,9635424,372%,2316757,10.81,272.6,1071,0
ROI HiCNN + Expected,45.77,5.615081787109375,outputs/imputed/HiCNN2/down16/roi/expected/summary,/Users/amulyagarimella/Documents/2241finalproject/data/GM12878.GSE115524/processed/GM12878.GSE115524.Homo_Sapiens.CTCF.b1.ds.16.chr21.cool::/,21,46709983,1,0.25,random,expected,/Users/amulyagarimella/Documents/2241finalproject/data/GM12878.GSE115524/processed/GM12878.GSE115524.Homo_Sapiens.CTCF.b1.expected.tsv,10000,1,16,1,Thu May  8 19:48:57 EDT 2025,0.5838018611679595,0.34934453253316383,-6.174158862431035,0.6430604429115582,4.1439631636665855,0.11374120397698421,388348,0:45.77,45.77,1,5887840,380%,1216190,4.05,169.96,2,0
ROI HiCNN + Expected,74.58,8.209091186523438,outputs/imputed/HiCNN2/down16/roi/expected/summary,/Users/amulyagarimella/Documents/2241finalproject/data/GM12878.GSE115524/processed/GM12878.GSE115524.Homo_Sapiens.CTCF.b1.ds.16.chr21.cool::/,21,46709983,1,0.1,ridge,expected,/Users/amulyagarimella/Documents/2241finalproject/data/GM12878.GSE115524/processed/GM12878.GSE115524.Homo_Sapiens.CTCF.b1.expected.tsv,10000,1,16,1,Thu May  8 19:40:37 EDT 2025,0.6841725057033508,0.39110688677648336,-4.906086854014975,0.6455088665829023,3.09462967248368,0.10207642311770229,756011,1:14.58,74.58,3,8607856,371%,2157688,9.78,267.36,1035,0
ROI HiCNN + Expected,62.16,7.83990478515625,outputs/imputed/HiCNN2/down16/roi/expected/summary,/Users/amulyagarimella/Documents/2241finalproject/data/GM12878.GSE115524/processed/GM12878.GSE115524.Homo_Sapiens.CTCF.b1.ds.16.chr21.cool::/,21,46709983,1,0.5,logreg,expected,/Users/amulyagarimella/Documents/2241finalproject/data/GM12878.GSE115524/processed/GM12878.GSE115524.Homo_Sapiens.CTCF.b1.expected.tsv,10000,2,16,1,Thu May  8 21:32:35 EDT 2025,0.6958021896905714,0.40072799923031327,-5.4215505961038,0.6454175585706294,3.484617068809534,0.10906484166161699,466314,1:02.16,62.16,3,8220736,378%,1866957,7.17,228.11,1085,0
ROI HiCNN + Expected,49.53,5.795989990234375,outputs/imputed/HiCNN2/down16/roi/expected/summary,/Users/amulyagarimella/Documents/2241finalproject/data/GM12878.GSE115524/processed/GM12878.GSE115524.Homo_Sapiens.CTCF.b1.ds.16.chr21.cool::/,21,46709983,1,0.25,random,expected,/Users/amulyagarimella/Documents/2241finalproject/data/GM12878.GSE115524/processed/GM12878.GSE115524.Homo_Sapiens.CTCF.b1.expected.tsv,10000,2,16,1,Thu May  8 20:13:10 EDT 2025,0.5837272631361543,0.349740028777444,-6.161180398328767,0.6430594509131108,4.131597822207574,0.11393086179587071,667801,0:49.53,49.53,3,6077536,372%,1341376,5.86,178.46,748,0
ROI HiCNN + Expected,106.31,9.003646850585938,outputs/imputed/HiCNN2/down16/roi/expected/summary,/Users/amulyagarimella/Documents/2241finalproject/data/GM12878.GSE115524/processed/GM12878.GSE115524.Homo_Sapiens.CTCF.b1.ds.16.chr21.cool::/,21,46709983,1,0.5,ridge,expected,/Users/amulyagarimella/Documents/2241finalproject/data/GM12878.GSE115524/processed/GM12878.GSE115524.Homo_Sapiens.CTCF.b1.expected.tsv,10000,3,16,1,Thu May  8 20:41:30 EDT 2025,0.7048757868080496,0.475953214965775,-5.393061325303493,0.6487365845242792,3.4618331514442433,0.11276839411573096,1365855,1:46.31,106.31,3,9441008,359%,3012968,15.87,366.31,1078,0
ROI HiCNN + Expected,72.35,9.618637084960938,outputs/imputed/HiCNN2/down16/roi/expected/summary,/Users/amulyagarimella/Documents/2241finalproject/data/GM12878.GSE115524/processed/GM12878.GSE115524.Homo_Sapiens.CTCF.b1.ds.16.chr21.cool::/,21,46709983,1,0.1,ridge,expected,/Users/amulyagarimella/Documents/2241finalproject/data/GM12878.GSE115524/processed/GM12878.GSE115524.Homo_Sapiens.CTCF.b1.expected.tsv,10000,3,16,1,Thu May  8 20:36:20 EDT 2025,0.684190492149725,0.39010028872894104,-4.91772494411639,0.6455429866334262,3.1029336874590396,0.1031841659462832,533727,1:12.35,72.35,3,10085872,382%,2039142,7.57,268.84,750,0
ROI HiCNN + Expected,88.15,8.671005249023438,outputs/imputed/HiCNN2/down16/roi/expected/summary,/Users/amulyagarimella/Documents/2241finalproject/data/GM12878.GSE115524/processed/GM12878.GSE115524.Homo_Sapiens.CTCF.b1.ds.16.chr21.cool::/,21,46709983,1,0.5,elasticnet,expected,/Users/amulyagarimella/Documents/2241finalproject/data/GM12878.GSE115524/processed/GM12878.GSE115524.Homo_Sapiens.CTCF.b1.expected.tsv,10000,1,16,1,Thu May  8 21:45:47 EDT 2025,0.7193518738801852,0.472861179402392,-5.404805537048473,0.6484933936008934,3.471207326016795,0.11200591285062805,499813,1:28.15,88.15,3,9092208,383%,2275245,8.18,329.49,1070,0
ROI HiCNN + Expected,88.66,8.825088500976562,outputs/imputed/HiCNN2/down16/roi/expected/summary,/Users/amulyagarimella/Documents/2241finalproject/data/GM12878.GSE115524/processed/GM12878.GSE115524.Homo_Sapiens.CTCF.b1.ds.16.chr21.cool::/,21,46709983,1,0.5,ridge,expected,/Users/amulyagarimella/Documents/2241finalproject/data/GM12878.GSE115524/processed/GM12878.GSE115524.Homo_Sapiens.CTCF.b1.expected.tsv,10000,1,16,1,Thu May  8 19:45:36 EDT 2025,0.7054362884868102,0.47609465058154926,-5.361317542516447,0.6486345421975741,3.436621907329743,0.11093474492283772,458185,1:28.66,88.66,3,9253776,384%,2276841,7.98,333.03,1081,0
ROI HiCNN + Expected,72.31,8.793487548828125,outputs/imputed/HiCNN2/down16/roi/expected/summary,/Users/amulyagarimella/Documents/2241finalproject/data/GM12878.GSE115524/processed/GM12878.GSE115524.Homo_Sapiens.CTCF.b1.ds.16.chr21.cool::/,21,46709983,1,0.1,lasso,expected,/Users/amulyagarimella/Documents/2241finalproject/data/GM12878.GSE115524/processed/GM12878.GSE115524.Homo_Sapiens.CTCF.b1.expected.tsv,10000,2,16,1,Thu May  8 20:26:26 EDT 2025,0.6869758782959527,0.3845309727976803,-4.845840366637068,0.6452660771564693,3.051996538126057,0.10190482358316603,522088,1:12.31,72.31,3,9220640,380%,2071574,8.04,267.03,751,0
ROI HiCNN + Lowres,50.2,8.089859008789062,outputs/imputed/HiCNN2/down16/roi/lowres/summary,/Users/amulyagarimella/Documents/2241finalproject/data/GM12878.GSE115524/processed/GM12878.GSE115524.Homo_Sapiens.CTCF.b1.ds.16.chr21.cool::/,21,46709983,1,0.1,logreg,lowres,,10000,3,16,1,Thu May  8 21:33:40 EDT 2025,0.6506512099232675,0.37397178190745445,-7.362370990216457,0.6450373216732447,5.448000001466663,0.15431413558957388,424266,0:50.20,50.2,3,8482832,378%,1591006,6.28,183.81,746,0
ROI HiCNN + Lowres,33.51,6.5272216796875,outputs/imputed/HiCNN2/down16/roi/lowres/summary,/Users/amulyagarimella/Documents/2241finalproject/data/GM12878.GSE115524/processed/GM12878.GSE115524.Homo_Sapiens.CTCF.b1.ds.16.chr21.cool::/,21,46709983,1,0.1,random,lowres,,10000,2,16,1,Thu May  8 20:11:10 EDT 2025,0.6433972865118295,0.3615181470329708,-7.580087415443742,0.6443405744417607,5.72807560426159,0.1590233603158018,610314,0:33.51,33.51,3,6844288,353%,1014703,5.75,112.86,747,0
ROI HiCNN + Lowres,28.86,7.6578369140625,outputs/imputed/HiCNN2/down16/roi/lowres/summary,/Users/amulyagarimella/Documents/2241finalproject/data/GM12878.GSE115524/processed/GM12878.GSE115524.Homo_Sapiens.CTCF.b1.ds.16.chr21.cool::/,21,46709983,1,0.1,random,lowres,,10000,1,16,1,Thu May  8 19:47:07 EDT 2025,0.643577269930124,0.36189815157859956,-7.593891538534407,0.6443365938996833,5.7463113547971165,0.1591260267039859,280107,0:28.86,28.86,2,8029824,370%,848668,3.6,103.24,977,0
ROI HiCNN + Lowres,71.33,9.073440551757812,outputs/imputed/HiCNN2/down16/roi/lowres/summary,/Users/amulyagarimella/Documents/2241finalproject/data/GM12878.GSE115524/processed/GM12878.GSE115524.Homo_Sapiens.CTCF.b1.ds.16.chr21.cool::/,21,46709983,1,0.1,ridge,lowres,,10000,1,16,1,Thu May  8 19:39:24 EDT 2025,0.6652517397505173,0.4034357225676128,-6.9310438950454065,0.6462561034872539,4.932923602778061,0.14317221997868665,546856,1:11.33,71.33,2,9514192,379%,1980678,7.82,262.67,46,0
ROI HiCNN + Lowres,65.06,8.7601318359375,outputs/imputed/HiCNN2/down16/roi/lowres/summary,/Users/amulyagarimella/Documents/2241finalproject/data/GM12878.GSE115524/processed/GM12878.GSE115524.Homo_Sapiens.CTCF.b1.ds.16.chr21.cool::/,21,46709983,1,0.25,elasticnet,lowres,,10000,3,16,1,Thu May  8 20:51:29 EDT 2025,0.6682991729233752,0.4034516949186321,-6.802469437246535,0.6463155306625747,4.78902323060782,0.14367212278936695,650315,1:05.06,65.06,3,9185664,377%,1879522,7.85,237.88,1068,0
ROI HiCNN + Lowres,71.74,9.241912841796875,outputs/imputed/HiCNN2/down16/roi/lowres/summary,/Users/amulyagarimella/Documents/2241finalproject/data/GM12878.GSE115524/processed/GM12878.GSE115524.Homo_Sapiens.CTCF.b1.ds.16.chr21.cool::/,21,46709983,1,0.1,lasso,lowres,,10000,3,16,1,Thu May  8 20:56:52 EDT 2025,0.6630370446400877,0.39682819979667133,-7.012314574396148,0.6461059662118401,5.026103845859985,0.14610009120350262,514884,1:11.74,71.74,3,9690848,381%,2125714,8.17,265.28,1076,0
ROI HiCNN + Lowres,95.41,7.905853271484375,outputs/imputed/HiCNN2/down16/roi/lowres/summary,/Users/amulyagarimella/Documents/2241finalproject/data/GM12878.GSE115524/processed/GM12878.GSE115524.Homo_Sapiens.CTCF.b1.ds.16.chr21.cool::/,21,46709983,1,0.5,lasso,lowres,,10000,1,16,1,Thu May  8 19:57:08 EDT 2025,0.7212128738966544,0.47557799384323773,-5.375055575058617,0.6490362604439373,3.447510181961965,0.11558759480198243,914126,1:35.41,95.41,3,8289888,374%,2632119,11.92,345.51,753,0
ROI HiCNN + Lowres,81.75,8.359100341796875,outputs/imputed/HiCNN2/down16/roi/lowres/summary,/Users/amulyagarimella/Documents/2241finalproject/data/GM12878.GSE115524/processed/GM12878.GSE115524.Homo_Sapiens.CTCF.b1.ds.16.chr21.cool::/,21,46709983,1,0.5,random,lowres,,10000,3,16,1,Thu May  8 20:46:08 EDT 2025,0.6793624216900325,0.42724907800429246,-6.589711024271293,0.6472996294387529,4.56006572665505,0.13538052861364946,736098,1:21.75,81.75,3,8765152,380%,2230137,9.17,301.88,744,0
ROI HiCNN + Lowres,88.31,8.644561767578125,outputs/imputed/HiCNN2/down16/roi/lowres/summary,/Users/amulyagarimella/Documents/2241finalproject/data/GM12878.GSE115524/processed/GM12878.GSE115524.Homo_Sapiens.CTCF.b1.ds.16.chr21.cool::/,21,46709983,1,0.5,elasticnet,lowres,,10000,1,16,1,Thu May  8 21:44:16 EDT 2025,0.7190048577824156,0.47133634515562506,-5.427327751027504,0.6489126170048115,3.4892555270610495,0.1170352825417961,559869,1:28.31,88.31,3,9064480,383%,2284641,8.45,330.56,748,0
ROI HiCNN + Lowres,61.67,8.592727661132812,outputs/imputed/HiCNN2/down16/roi/lowres/summary,/Users/amulyagarimella/Documents/2241finalproject/data/GM12878.GSE115524/processed/GM12878.GSE115524.Homo_Sapiens.CTCF.b1.ds.16.chr21.cool::/,21,46709983,1,0.25,lasso,lowres,,10000,1,16,1,Thu May  8 19:54:59 EDT 2025,0.6708684298305247,0.4119334888987206,-6.716343014113791,0.6463772452929799,4.694985998183813,0.14059116864645504,395220,1:01.67,61.67,3,9010128,381%,1674048,6.31,229.16,849,0
ROI HiCNN + Lowres,50.24,7.755889892578125,outputs/imputed/HiCNN2/down16/roi/lowres/summary,/Users/amulyagarimella/Documents/2241finalproject/data/GM12878.GSE115524/processed/GM12878.GSE115524.Homo_Sapiens.CTCF.b1.ds.16.chr21.cool::/,21,46709983,1,0.1,logreg,lowres,,10000,1,16,1,Thu May  8 21:21:16 EDT 2025,0.6504822341805526,0.37587086210388676,-7.351255770241886,0.6450176608457444,5.434074360073298,0.1535308918807891,476953,0:50.24,50.24,2,8132640,375%,1324598,6.02,182.58,0,0
ROI HiCNN + Lowres,80.88,8.1279296875,outputs/imputed/HiCNN2/down16/roi/lowres/summary,/Users/amulyagarimella/Documents/2241finalproject/data/GM12878.GSE115524/processed/GM12878.GSE115524.Homo_Sapiens.CTCF.b1.ds.16.chr21.cool::/,21,46709983,1,0.5,random,lowres,,10000,2,16,1,Thu May  8 20:14:02 EDT 2025,0.6798644350752959,0.4285579945924007,-6.551429472587069,0.6472536891458457,4.520046964372609,0.13427021912536397,634495,1:20.88,80.88,3,8522752,380%,2334078,9.11,298.94,744,0
ROI HiCNN + Lowres,66.81,7.2145538330078125,outputs/imputed/HiCNN2/down16/roi/lowres/summary,/Users/amulyagarimella/Documents/2241finalproject/data/GM12878.GSE115524/processed/GM12878.GSE115524.Homo_Sapiens.CTCF.b1.ds.16.chr21.cool::/,21,46709983,1,0.5,logreg,lowres,,10000,2,16,1,Thu May  8 21:31:26 EDT 2025,0.668696399850681,0.40699651527949365,-6.7674169037497975,0.6462808563515987,4.7505259016984915,0.14215229357857034,781540,1:06.81,66.81,3,7565008,371%,1940573,9.35,238.83,1088,0
ROI HiCNN + Lowres,88.69,8.650375366210938,outputs/imputed/HiCNN2/down16/roi/lowres/summary,/Users/amulyagarimella/Documents/2241finalproject/data/GM12878.GSE115524/processed/GM12878.GSE115524.Homo_Sapiens.CTCF.b1.ds.16.chr21.cool::/,21,46709983,1,0.5,ridge,lowres,,10000,1,16,1,Thu May  8 19:44:05 EDT 2025,0.7192017519827271,0.47472848544070795,-5.4466652251985614,0.6490320021656857,3.504826488991482,0.11595091464981068,470367,1:28.69,88.69,3,9070576,384%,2268155,8.18,333.09,746,0
ROI HiCNN + Lowres,63.61,8.59124755859375,outputs/imputed/HiCNN2/down16/roi/lowres/summary,/Users/amulyagarimella/Documents/2241finalproject/data/GM12878.GSE115524/processed/GM12878.GSE115524.Homo_Sapiens.CTCF.b1.ds.16.chr21.cool::/,21,46709983,1,0.25,lasso,lowres,,10000,2,16,1,Thu May  8 20:27:41 EDT 2025,0.6720144325495385,0.4125594610636788,-6.676747091762014,0.6464358889676185,4.652374955432934,0.14039381084845473,461704,1:03.61,63.61,3,9008576,380%,1863786,7.12,235.24,746,0
ROI HiCNN + Lowres,74.11,8.560043334960938,outputs/imputed/HiCNN2/down16/roi/lowres/summary,/Users/amulyagarimella/Documents/2241finalproject/data/GM12878.GSE115524/processed/GM12878.GSE115524.Homo_Sapiens.CTCF.b1.ds.16.chr21.cool::/,21,46709983,1,0.1,ridge,lowres,,10000,2,16,1,Thu May  8 20:02:41 EDT 2025,0.6657862984400739,0.40409518050561505,-6.903896611936778,0.6462733596079938,4.90218459865761,0.1431981157417777,663916,1:14.11,74.11,7,8975856,378%,2295715,9.59,270.67,1090,0
ROI HiCNN + Lowres,91.81,9.365493774414062,outputs/imputed/HiCNN2/down16/roi/lowres/summary,/Users/amulyagarimella/Documents/2241finalproject/data/GM12878.GSE115524/processed/GM12878.GSE115524.Homo_Sapiens.CTCF.b1.ds.16.chr21.cool::/,21,46709983,1,0.5,lasso,lowres,,10000,2,16,1,Thu May  8 20:29:53 EDT 2025,0.7228870947110306,0.47679910198490477,-5.314522644533575,0.6491400255547127,3.3997913488992992,0.11546645763056701,597243,1:31.81,91.81,3,9820432,383%,2608590,9.37,342.99,744,0
ROI HiCNN + Lowres,62.57,7.64166259765625,outputs/imputed/HiCNN2/down16/roi/lowres/summary,/Users/amulyagarimella/Documents/2241finalproject/data/GM12878.GSE115524/processed/GM12878.GSE115524.Homo_Sapiens.CTCF.b1.ds.16.chr21.cool::/,21,46709983,1,0.25,elasticnet,lowres,,10000,1,16,1,Thu May  8 21:42:07 EDT 2025,0.6678058632943874,0.404280015595023,-6.782600466940662,0.6462446398720144,4.767163494069022,0.14259692153918366,487593,1:02.57,62.57,3,8012864,380%,1732717,6.86,231.22,1075,0
ROI HiCNN + Lowres,98.93,7.57647705078125,outputs/imputed/HiCNN2/down16/roi/lowres/summary,/Users/amulyagarimella/Documents/2241finalproject/data/GM12878.GSE115524/processed/GM12878.GSE115524.Homo_Sapiens.CTCF.b1.ds.16.chr21.cool::/,21,46709983,1,0.5,elasticnet,lowres,,10000,2,16,1,Thu May  8 20:21:56 EDT 2025,0.720761040630136,0.4725134393308164,-5.363909062160666,0.6490258411335029,3.4386732184322284,0.11680460400084498,1197467,1:38.93,98.93,3,7944512,371%,2773268,14.11,353.44,1085,0
ROI HiCNN + Lowres,88.63,7.0822296142578125,outputs/imputed/HiCNN2/down16/roi/lowres/summary,/Users/amulyagarimella/Documents/2241finalproject/data/GM12878.GSE115524/processed/GM12878.GSE115524.Homo_Sapiens.CTCF.b1.ds.16.chr21.cool::/,21,46709983,1,0.1,elasticnet,lowres,,10000,2,16,1,Thu May  8 20:16:48 EDT 2025,0.6662822562272324,0.4034102572249393,-6.866700605166515,0.6462370353390022,4.8603781578909135,0.14317313664286685,1637495,1:28.63,88.63,3,7426256,348%,3170003,20.66,288.32,747,0
ROI HiCNN + Lowres,67.88,8.3604736328125,outputs/imputed/HiCNN2/down16/roi/lowres/summary,/Users/amulyagarimella/Documents/2241finalproject/data/GM12878.GSE115524/processed/GM12878.GSE115524.Homo_Sapiens.CTCF.b1.ds.16.chr21.cool::/,21,46709983,1,0.25,elasticnet,lowres,,10000,2,16,1,Thu May  8 20:19:38 EDT 2025,0.6690477260022902,0.4048035405356221,-6.742328720747583,0.6462924809457933,4.723162330088846,0.1424303636576386,716194,1:07.88,67.88,3,8766592,370%,1914599,8.48,243.1,765,0
ROI HiCNN + Lowres,72.57,9.540451049804688,outputs/imputed/HiCNN2/down16/roi/lowres/summary,/Users/amulyagarimella/Documents/2241finalproject/data/GM12878.GSE115524/processed/GM12878.GSE115524.Homo_Sapiens.CTCF.b1.ds.16.chr21.cool::/,21,46709983,1,0.1,ridge,lowres,,10000,3,16,1,Thu May  8 20:35:05 EDT 2025,0.6656810913738544,0.4021856909164124,-6.938348601345945,0.6462899388671148,4.9412276177534205,0.14427996280726754,546033,1:12.57,72.57,6,10003888,381%,2049325,7.75,268.93,1072,0
ROI HiCNN + Lowres,91.87,9.524642944335938,outputs/imputed/HiCNN2/down16/roi/lowres/summary,/Users/amulyagarimella/Documents/2241finalproject/data/GM12878.GSE115524/processed/GM12878.GSE115524.Homo_Sapiens.CTCF.b1.ds.16.chr21.cool::/,21,46709983,1,0.5,ridge,lowres,,10000,3,16,1,Thu May  8 20:39:55 EDT 2025,0.7187271918117807,0.4744417247473316,-5.477793476518819,0.649131617890722,3.5300377331059822,0.11778456384270392,619348,1:31.87,91.87,3,9987312,383%,2568762,9.81,342.92,747,0
ROI HiCNN + Lowres,48.0,6.017578125,outputs/imputed/HiCNN2/down16/roi/lowres/summary,/Users/amulyagarimella/Documents/2241finalproject/data/GM12878.GSE115524/processed/GM12878.GSE115524.Homo_Sapiens.CTCF.b1.ds.16.chr21.cool::/,21,46709983,1,0.25,random,lowres,,10000,3,16,1,Thu May  8 20:44:25 EDT 2025,0.6496788119447119,0.37249996820565917,-7.42885016822373,0.6451089843270049,5.532036244351687,0.1541731068054478,578388,0:48.00,48.0,2,6309888,378%,1301780,4.97,176.6,744,0
ROI HiCNN + Lowres,72.34,8.435943603515625,outputs/imputed/HiCNN2/down16/roi/lowres/summary,/Users/amulyagarimella/Documents/2241finalproject/data/GM12878.GSE115524/processed/GM12878.GSE115524.Homo_Sapiens.CTCF.b1.ds.16.chr21.cool::/,21,46709983,1,0.1,lasso,lowres,,10000,2,16,1,Thu May  8 20:25:12 EDT 2025,0.6633553305324267,0.39816681364993406,-6.976633602631984,0.6460869404977855,4.984979311576951,0.1449991316898553,509200,1:12.34,72.34,3,8845728,379%,2170551,8.45,266.41,745,0
ROI HiCNN + Lowres,66.75,6.139923095703125,outputs/imputed/HiCNN2/down16/roi/lowres/summary,/Users/amulyagarimella/Documents/2241finalproject/data/GM12878.GSE115524/processed/GM12878.GSE115524.Homo_Sapiens.CTCF.b1.ds.16.chr21.cool::/,21,46709983,1,0.25,logreg,lowres,,10000,1,16,1,Thu May  8 21:23:10 EDT 2025,0.6678909500160416,0.40673272947050126,-6.800130040968555,0.6462391439391593,4.786444241769995,0.14222264755440184,841858,1:06.75,66.75,196,6438176,367%,1738898,8.85,236.7,962,0
ROI HiCNN + Lowres,50.41,7.652130126953125,outputs/imputed/HiCNN2/down16/roi/lowres/summary,/Users/amulyagarimella/Documents/2241finalproject/data/GM12878.GSE115524/processed/GM12878.GSE115524.Homo_Sapiens.CTCF.b1.ds.16.chr21.cool::/,21,46709983,1,0.1,logreg,lowres,,10000,2,16,1,Thu May  8 21:27:29 EDT 2025,0.6511742130258917,0.37552555227069034,-7.335364069342956,0.6450360233625504,5.4142263347444,0.153573104266288,428934,0:50.41,50.41,3,8023840,377%,1604350,6.34,184.1,745,0
ROI HiCNN + Lowres,68.83,7.1378326416015625,outputs/imputed/HiCNN2/down16/roi/lowres/summary,/Users/amulyagarimella/Documents/2241finalproject/data/GM12878.GSE115524/processed/GM12878.GSE115524.Homo_Sapiens.CTCF.b1.ds.16.chr21.cool::/,21,46709983,1,0.25,ridge,lowres,,10000,2,16,1,Thu May  8 20:05:22 EDT 2025,0.6711967500723396,0.4120095538442654,-6.708290133501857,0.6463905490056127,4.6862884134426785,0.14097305094393264,842213,1:08.83,68.83,3,7484560,369%,1901423,9.51,244.74,1082,0
ROI HiCNN + Lowres,69.86,8.552078247070312,outputs/imputed/HiCNN2/down16/roi/lowres/summary,/Users/amulyagarimella/Documents/2241finalproject/data/GM12878.GSE115524/processed/GM12878.GSE115524.Homo_Sapiens.CTCF.b1.ds.16.chr21.cool::/,21,46709983,1,0.1,lasso,lowres,,10000,1,16,1,Thu May  8 19:52:34 EDT 2025,0.6626819388771237,0.39815292548207676,-7.001594956640609,0.6460820118037194,5.013713296136017,0.145070402329867,453433,1:09.86,69.86,2,8967504,381%,2064458,7.82,258.62,0,0
ROI HiCNN + Lowres,76.49,7.5365142822265625,outputs/imputed/HiCNN2/down16/roi/lowres/summary,/Users/amulyagarimella/Documents/2241finalproject/data/GM12878.GSE115524/processed/GM12878.GSE115524.Homo_Sapiens.CTCF.b1.ds.16.chr21.cool::/,21,46709983,1,0.5,random,lowres,,10000,1,16,1,Thu May  8 19:49:45 EDT 2025,0.6796786687343129,0.42774826401266974,-6.5824353951973436,0.6472353868117737,4.552432755692817,0.13420884845849856,419805,1:16.49,76.49,2,7902608,385%,2009152,6.63,288.51,0,0
ROI HiCNN + Lowres,92.31,8.980758666992188,outputs/imputed/HiCNN2/down16/roi/lowres/summary,/Users/amulyagarimella/Documents/2241finalproject/data/GM12878.GSE115524/processed/GM12878.GSE115524.Homo_Sapiens.CTCF.b1.ds.16.chr21.cool::/,21,46709983,1,0.5,lasso,lowres,,10000,3,16,1,Thu May  8 21:01:37 EDT 2025,0.7206387098772152,0.47525490036184015,-5.411898462841279,0.6491509256709618,3.476881156459863,0.11737119413063592,630872,1:32.31,92.31,3,9417008,381%,2603935,9.83,342.76,1087,0
ROI HiCNN + Lowres,63.05,9.402374267578125,outputs/imputed/HiCNN2/down16/roi/lowres/summary,/Users/amulyagarimella/Documents/2241finalproject/data/GM12878.GSE115524/processed/GM12878.GSE115524.Homo_Sapiens.CTCF.b1.ds.16.chr21.cool::/,21,46709983,1,0.25,lasso,lowres,,10000,3,16,1,Thu May  8 20:59:21 EDT 2025,0.6713317011572011,0.41103967534733304,-6.733263574496748,0.6464609402879804,4.7133138276362425,0.1416381366398877,450424,1:03.05,63.05,3,9859104,381%,1827072,6.7,234.14,1083,0
ROI HiCNN + Lowres,45.43,5.5268402099609375,outputs/imputed/HiCNN2/down16/roi/lowres/summary,/Users/amulyagarimella/Documents/2241finalproject/data/GM12878.GSE115524/processed/GM12878.GSE115524.Homo_Sapiens.CTCF.b1.ds.16.chr21.cool::/,21,46709983,1,0.25,random,lowres,,10000,1,16,1,Thu May  8 19:48:10 EDT 2025,0.6498582272512452,0.3736802678946411,-7.421371629623563,0.6450625919274572,5.522518291002469,0.15332212161374512,403016,0:45.43,45.43,2,5795312,382%,1212565,4.03,169.69,64,0
ROI HiCNN + Lowres,64.23,9.275161743164062,outputs/imputed/HiCNN2/down16/roi/lowres/summary,/Users/amulyagarimella/Documents/2241finalproject/data/GM12878.GSE115524/processed/GM12878.GSE115524.Homo_Sapiens.CTCF.b1.ds.16.chr21.cool::/,21,46709983,1,0.25,ridge,lowres,,10000,3,16,1,Thu May  8 20:37:35 EDT 2025,0.6704709798649917,0.41049756393879133,-6.762513538425764,0.6464020421954791,4.745165387072221,0.14219239763645475,528505,1:04.23,64.23,3,9725712,381%,1836677,7.02,237.93,1077,0
ROI HiCNN + Lowres,61.94,7.854827880859375,outputs/imputed/HiCNN2/down16/roi/lowres/summary,/Users/amulyagarimella/Documents/2241finalproject/data/GM12878.GSE115524/processed/GM12878.GSE115524.Homo_Sapiens.CTCF.b1.ds.16.chr21.cool::/,21,46709983,1,0.5,logreg,lowres,,10000,1,16,1,Thu May  8 21:25:22 EDT 2025,0.6678909500160416,0.40673272947050126,-6.800130040968555,0.6462391439391593,4.786444241769995,0.14222264755440184,529519,1:01.94,61.94,3,8236384,375%,1776281,7.49,225.06,747,0
ROI HiCNN + Lowres,101.33,7.7787322998046875,outputs/imputed/HiCNN2/down16/roi/lowres/summary,/Users/amulyagarimella/Documents/2241finalproject/data/GM12878.GSE115524/processed/GM12878.GSE115524.Homo_Sapiens.CTCF.b1.ds.16.chr21.cool::/,21,46709983,1,0.5,ridge,lowres,,10000,2,16,1,Thu May  8 20:07:45 EDT 2025,0.7206660012563701,0.47595674967077534,-5.390594042979744,0.6491147134112378,3.4598669984441,0.11591126892401638,1256004,1:41.33,101.33,3,8156592,370%,2876505,14.88,360.51,854,0
ROI HiCNN + Lowres,61.81,8.276336669921875,outputs/imputed/HiCNN2/down16/roi/lowres/summary,/Users/amulyagarimella/Documents/2241finalproject/data/GM12878.GSE115524/processed/GM12878.GSE115524.Homo_Sapiens.CTCF.b1.ds.16.chr21.cool::/,21,46709983,1,0.25,logreg,lowres,,10000,3,16,1,Thu May  8 21:35:25 EDT 2025,0.6679366802771061,0.4051389949245866,-6.822325870962603,0.6462956113723797,4.810969316912394,0.14331127793482526,462981,1:01.81,61.81,3,8678368,380%,1891450,7.26,227.7,1077,0
ROI HiCNN + Lowres,69.58,8.707992553710938,outputs/imputed/HiCNN2/down16/roi/lowres/summary,/Users/amulyagarimella/Documents/2241finalproject/data/GM12878.GSE115524/processed/GM12878.GSE115524.Homo_Sapiens.CTCF.b1.ds.16.chr21.cool::/,21,46709983,1,0.1,elasticnet,lowres,,10000,1,16,1,Thu May  8 21:39:42 EDT 2025,0.6655388657143126,0.4031521363665945,-6.900260209458329,0.6462333123515641,4.898081655620175,0.14332823622215926,405301,1:09.58,69.58,3,9130992,380%,1863799,7.12,257.74,752,0
ROI HiCNN + Lowres,62.62,8.131881713867188,outputs/imputed/HiCNN2/down16/roi/lowres/summary,/Users/amulyagarimella/Documents/2241finalproject/data/GM12878.GSE115524/processed/GM12878.GSE115524.Homo_Sapiens.CTCF.b1.ds.16.chr21.cool::/,21,46709983,1,0.25,logreg,lowres,,10000,2,16,1,Thu May  8 21:29:16 EDT 2025,0.668696399850681,0.40699651527949365,-6.7674169037497975,0.6462808563515987,4.7505259016984915,0.14215229357857034,536262,1:02.62,62.62,3,8526896,378%,1858024,7.71,229.05,756,0
ROI HiCNN + Lowres,73.3,8.87335205078125,outputs/imputed/HiCNN2/down16/roi/lowres/summary,/Users/amulyagarimella/Documents/2241finalproject/data/GM12878.GSE115524/processed/GM12878.GSE115524.Homo_Sapiens.CTCF.b1.ds.16.chr21.cool::/,21,46709983,1,0.1,elasticnet,lowres,,10000,3,16,1,Thu May  8 20:48:56 EDT 2025,0.6657630804208281,0.40200244104024374,-6.910570932459351,0.6462607045587037,4.909724161539878,0.14433532932375254,650348,1:13.30,73.3,3,9304384,378%,2209567,9.46,268.13,1071,0
ROI HiCNN + Lowres,90.7,9.105926513671875,outputs/imputed/HiCNN2/down16/roi/lowres/summary,/Users/amulyagarimella/Documents/2241finalproject/data/GM12878.GSE115524/processed/GM12878.GSE115524.Homo_Sapiens.CTCF.b1.ds.16.chr21.cool::/,21,46709983,1,0.5,elasticnet,lowres,,10000,3,16,1,Thu May  8 20:53:45 EDT 2025,0.7184502660031165,0.47083417518352577,-5.4629809360432,0.6490365363735152,3.5180182948753753,0.11873555709646805,653683,1:30.70,90.7,3,9548256,383%,2484572,9.39,338.11,815,0
ROI HiCNN + Lowres,61.97,7.7212677001953125,outputs/imputed/HiCNN2/down16/roi/lowres/summary,/Users/amulyagarimella/Documents/2241finalproject/data/GM12878.GSE115524/processed/GM12878.GSE115524.Homo_Sapiens.CTCF.b1.ds.16.chr21.cool::/,21,46709983,1,0.25,ridge,lowres,,10000,1,16,1,Thu May  8 19:41:55 EDT 2025,0.6702112600657912,0.4115283442825246,-6.746408412299335,0.6463366272905676,4.727601276381538,0.14107764232689518,415224,1:01.97,61.97,3,8096336,382%,1699159,6.29,230.74,1076,0
ROI HiCNN + Lowres,47.25,6.0141143798828125,outputs/imputed/HiCNN2/down16/roi/lowres/summary,/Users/amulyagarimella/Documents/2241finalproject/data/GM12878.GSE115524/processed/GM12878.GSE115524.Homo_Sapiens.CTCF.b1.ds.16.chr21.cool::/,21,46709983,1,0.25,random,lowres,,10000,2,16,1,Thu May  8 20:12:21 EDT 2025,0.6495471034768825,0.37366289310653167,-7.411636540642746,0.6450699125627349,5.510152949543458,0.1535117794326316,516934,0:47.25,47.25,3,6306256,379%,1303305,4.77,174.76,806,0
ROI HiCNN + Lowres,30.31,8.362747192382812,outputs/imputed/HiCNN2/down16/roi/lowres/summary,/Users/amulyagarimella/Documents/2241finalproject/data/GM12878.GSE115524/processed/GM12878.GSE115524.Homo_Sapiens.CTCF.b1.ds.16.chr21.cool::/,21,46709983,1,0.1,random,lowres,,10000,3,16,1,Thu May  8 20:43:19 EDT 2025,0.6430823646730901,0.3600073605028553,-7.6024626271156395,0.6443527955163376,5.757663278171691,0.15971090428417212,382337,0:30.31,30.31,3,8768976,366%,908156,4.23,106.94,1068,0
ROI HiCNN + Lowres,61.44,9.238479614257812,outputs/imputed/HiCNN2/down16/roi/lowres/summary,/Users/amulyagarimella/Documents/2241finalproject/data/GM12878.GSE115524/processed/GM12878.GSE115524.Homo_Sapiens.CTCF.b1.ds.16.chr21.cool::/,21,46709983,1,0.5,logreg,lowres,,10000,3,16,1,Thu May  8 21:37:34 EDT 2025,0.6679366802771061,0.4051389949245866,-6.822325870962603,0.6462956113723797,4.810969316912394,0.14331127793482526,448894,1:01.44,61.44,3,9687248,381%,1777575,6.71,227.83,746,0
